hour,ust_inflow,ust_outflow,net_outflow,whale_outflow,small_outflow,hhi,top_share
2022-04-20 00:00:00+00:00,597037462.614776,92411916.70109601,-504625545.91368,688051.010987,91723865.69010901,0.7737581548023379,0.007445479279609397
2022-04-20 01:00:00+00:00,60624647.630183,55502612.623783,-5122035.006399997,32013202.971936,23489409.651847,0.4178817805040353,0.5767873161022742
2022-04-20 02:00:00+00:00,79438430.573037,78569470.45216599,-868960.1208710074,16228950.395596,62340520.05657,0.4235171088999286,0.20655542543686067
2022-04-20 03:00:00+00:00,118224771.272313,73961366.569264,-44263404.703049004,33817941.364859,40143425.204405,0.3788233867023762,0.45723791938307246
2022-04-20 04:00:00+00:00,68365975.832583,88268709.94494401,19902734.112361014,32188409.947439,56080299.997505,0.433147105935315,0.3646638765596091
2022-04-20 05:00:00+00:00,97365469.251109,78659346.127149,-18706123.123960003,63996.264154000004,78595349.862995,0.6786544623058656,0.0008135875430562716
2022-04-20 06:00:00+00:00,42963448.863089,37193630.86643,-5769817.996659003,16506565.288244,20687065.578186,0.3840983448438159,0.4438008579351255
2022-04-20 07:00:00+00:00,5680952.408438,5796833.079175,115880.67073700018,180573.840687,5616259.238488,0.08233415008034396,0.031150429591582977
2022-04-20 08:00:00+00:00,51058627.132176995,47818777.677829996,-3239849.4543469995,33702301.158818,14116476.519012,0.47225757059568213,0.704792192428692
2022-04-20 09:00:00+00:00,59988345.127879,60447688.851914,459343.7240350023,18147.232838,60429541.619076006,0.36665746388405435,0.0003002138408046909
2022-04-20 10:00:00+00:00,90765187.899183,95732265.60638,4967077.707196996,108043.880927,95624221.725453,0.4913258965128166,0.0011286046584465196
2022-04-20 11:00:00+00:00,42630848.350875996,29761862.172363,-12868986.178512994,17308129.909219,12453732.263144,0.3301472332937926,0.5815539971585315
2022-04-20 12:00:00+00:00,8678026.21257,11076324.970767999,2398298.7581979986,337368.69018200005,10738956.280586,0.0685683133323439,0.03045854027146767
2022-04-20 13:00:00+00:00,115737536.85429901,98628280.478891,-17109256.37540801,69907231.074112,28721049.404779002,0.47268309075859727,0.7087949899833643
2022-04-20 14:00:00+00:00,107916234.75376602,117195104.858448,9278870.104681984,32704239.147289,84490865.71115899,0.2736505789999747,0.2790580646417803
2022-04-20 15:00:00+00:00,99908629.709037,96370168.371228,-3538461.3378090113,49627020.086577,46743148.284651,0.3218420815692961,0.5149624715338103
2022-04-20 16:00:00+00:00,63747254.778171,90334900.929456,26587646.151284993,16641271.622949,73693629.306507,0.31186379070537007,0.18421752226135105
2022-04-20 17:00:00+00:00,29041360.527627,25539546.990804,-3501813.536822997,105074.937825,25434472.052979,0.42739694302963344,0.0041142052309241905
2022-04-20 18:00:00+00:00,129610024.99366601,90864980.30445,-38745044.689216,149743.120212,90715237.184238,0.5455641531052269,0.0016479739467314507
2022-04-20 19:00:00+00:00,43014198.871844,41025432.502465,-1988766.3693789989,47257.061122,40978175.441343,0.3145940213433363,0.0011518967196545843
2022-04-20 20:00:00+00:00,92403213.514245,92916319.265564,513105.7513189912,54171654.046927005,38744665.218637,0.339391067792452,0.5830154969021005
2022-04-20 21:00:00+00:00,77411156.277436,110919854.724133,33508698.446696997,65739418.720945,45180436.003188,0.43069388351362425,0.5926749443050071
2022-04-20 22:00:00+00:00,57782159.819854,63652576.900852,5870417.0809980035,16575641.991499001,47076934.909353,0.35317228722978194,0.2604080274286135
2022-04-20 23:00:00+00:00,39536499.215878,38971228.549005,-565270.6668730006,32888065.104294,6083163.444711,0.7179167773416433,0.843906295202841
2022-04-21 00:00:00+00:00,111918917.60440801,80782670.666655,-31136246.937753007,16172259.765976,64610410.900679,0.4108764502730256,0.20019466591677676
2022-04-21 01:00:00+00:00,139130948.5334,136982698.940873,-2148249.592527002,16446406.280184,120536292.660689,0.705909485471572,0.1200619232015782
2022-04-21 02:00:00+00:00,76517135.666539,70955255.03443201,-5561880.63210699,16641971.034428,54313284.000004,0.5301559823685341,0.23454176898317478
2022-04-21 03:00:00+00:00,96216087.60331699,88609471.088529,-7606616.514787987,22426827.434174,66182643.654355004,0.38330683097171075,0.253097407745133
2022-04-21 04:00:00+00:00,90476333.985513,61061217.79692,-29415116.188593,32381689.399358,28679528.397562,0.35974592874547934,0.530315158584855
2022-04-21 05:00:00+00:00,61030879.767806,64380565.783239,3349686.0154329985,32226047.117799,32154518.66544,0.34894129267251245,0.5005555127660716
2022-04-21 06:00:00+00:00,93373893.84537499,86877775.935737,-6496117.909637988,143000.012626,86734775.923111,0.6470485364721738,0.0016459907161041544
2022-04-21 07:00:00+00:00,9176394.871005,4783315.569259,-4393079.301746001,205520.684625,4577794.884634,0.0869922444341095,0.042966156351009456
2022-04-21 08:00:00+00:00,8796523.437752,5890496.929601,-2906026.5081509994,70271.371708,5820225.557893,0.13468893216069927,0.011929616897832748
2022-04-21 09:00:00+00:00,12402364.511914,25182489.052299,12780124.540385,2787330.6827889998,22395158.36951,0.1968738213743483,0.11068527328653933
2022-04-21 10:00:00+00:00,10986877.464739,9336082.612717,-1650794.8520219997,199617.471381,9136465.141336,0.07239465920368832,0.021381288026424933
2022-04-21 11:00:00+00:00,21194246.612857,8935569.921615,-12258676.691241998,137.779192,8935432.142423,0.1017502217463988,1.5419183466598402e-05
2022-04-21 12:00:00+00:00,34466513.285219,13898409.76712,-20568103.518099,604323.202639,13294086.564481,0.10890253196394878,0.04348146390594056
2022-04-21 13:00:00+00:00,25508983.267346,18429159.040985,-7079824.226360999,66847.116952,18362311.924033,0.08649782540155689,0.003627247277172945
2022-04-21 14:00:00+00:00,19270463.955221,9363968.818749,-9906495.136472002,1747614.525373,7616354.293376,0.05893257514540175,0.18663181811048324
2022-04-21 15:00:00+00:00,121803910.00196001,9752605.096213,-112051304.90574701,110813.866483,9641791.22973,0.03682936746305866,0.011362488831423078
2022-04-21 16:00:00+00:00,26211328.346666,17182056.311688,-9029272.034978002,435232.815173,16746823.496515,0.09256053152428942,0.02533065933889038
2022-04-21 17:00:00+00:00,10558333.583397,48289116.473946005,37730782.890549004,11246.974118,48277869.499828,0.5588604489523401,0.0002329090888227001
2022-04-21 18:00:00+00:00,8887663.466026,15752203.627485001,6864540.161459001,10062839.825457001,5689363.802028,0.41720870403257876,0.6388210858256684
2022-04-21 19:00:00+00:00,15910560.654495,13420257.957147,-2490302.6973480005,138047.06823600002,13282210.888911,0.11754848619666666,0.010286469058702603
2022-04-21 20:00:00+00:00,21019106.689232998,14025757.552264,-6993349.136968998,202929.638962,13822827.913302,0.17460941419310444,0.014468354968052592
2022-04-21 21:00:00+00:00,8691937.373409,47701943.868006006,39010006.494597,660421.6374829999,47041522.230523005,0.47676291194139153,0.013844753146966593
2022-04-21 22:00:00+00:00,57717131.144144,35199120.211667,-22518010.932476997,6749820.335544,28449299.876123,0.05452520746894175,0.19176105240569974
2022-04-21 23:00:00+00:00,4520073.019958,37675985.022407,33155912.002449002,367508.11237600003,37308476.910031,0.7765877592125542,0.009754439390434843
2022-04-22 00:00:00+00:00,37189222.848181,6764039.239485,-30425183.608696003,5703.509891,6758335.729594001,0.2805866821490811,0.0008432106451579741
2022-04-22 01:00:00+00:00,53075076.253216,51387594.60703,-1687481.6461860016,5051837.084893,46335757.52213701,0.48795469374193395,0.09830849494951631
2022-04-22 02:00:00+00:00,10580157.142484,3887246.515875,-6692910.626608999,395244.715187,3492001.800688,0.05202993208692029,0.1016772961459668
2022-04-22 03:00:00+00:00,23160994.965933,8419344.137302,-14741650.828630999,3008050.2716389997,5411293.865663,0.15493336857103496,0.35727845573051215
2022-04-22 04:00:00+00:00,45979402.432725005,12689652.565548,-33289749.867177002,877342.345749,11812310.219799,0.12988920440879706,0.06913840558022497
2022-04-22 05:00:00+00:00,4379690.150242,4586043.571261,206353.421019,51426.435678,4534617.135583,0.1460148920829425,0.011213682312193897
2022-04-22 06:00:00+00:00,18351962.418817,12618251.69369,-5733710.7251269985,6012325.451602,6605926.242088,0.31174991285815273,0.47647848509857976
2022-04-22 07:00:00+00:00,34386027.140641995,17453456.363459002,-16932570.777182993,127059.956535,17326396.406924002,0.3752529731634753,0.007279930913914332
2022-04-22 08:00:00+00:00,15128273.065989,12246726.738537,-2881546.327452,392644.892796,11854081.845741,0.18291817622565512,0.03206121122638077
2022-04-22 09:00:00+00:00,24155629.52329,2609602.5045849998,-21546027.018705003,66508.19540999999,2543094.309175,0.07771115791750367,0.025485948642809363
2022-04-22 10:00:00+00:00,52284790.40527599,5248635.693337,-47036154.71193899,2778955.5290389997,2469680.164298,0.285765403710364,0.5294624529888421
2022-04-22 11:00:00+00:00,18166291.620362,11216812.580675,-6949479.039686998,54718.646111999995,11162093.934563,0.19367314445118433,0.004878270517443839
2022-04-22 12:00:00+00:00,8425911.290281,14204619.587902,5778708.297621001,5338591.975704,8866027.612197999,0.1626674499210073,0.3758349136115445
2022-04-22 13:00:00+00:00,33857280.487322,28446794.553659,-5410485.933663003,57225.021315000005,28389569.532344,0.4370880568979677,0.0020116509509377875
2022-04-22 14:00:00+00:00,62381204.408093,66222904.308064,3841699.899971001,33605142.509606004,32617761.798458,0.17923682126277599,0.5074549789190368
2022-04-22 15:00:00+00:00,14043916.350835,20626322.615387,6582406.264552001,324481.206225,20301841.409162,0.1597451931929178,0.015731413314700154
2022-04-22 16:00:00+00:00,8721434.80146,56852219.303995006,48130784.50253501,1420133.304166,55432085.999829,0.3726279329061489,0.02497938201097116
2022-04-22 17:00:00+00:00,44875525.074178,8239866.096827,-36635658.977351,6855.658765,8233010.438062,0.21308615802525763,0.0008320109434351088
2022-04-22 18:00:00+00:00,60534542.36021,61088908.412353,554366.0521430001,3140967.4309730004,57947940.98138,0.3929579720508433,0.05141632929125731
2022-04-22 19:00:00+00:00,47166037.470857,8223528.611833001,-38942508.859024,611803.732747,7611724.879086,0.17337007842252192,0.07439674154798503
2022-04-22 20:00:00+00:00,12085634.805914,8885384.148483,-3200250.657430999,571117.714933,8314266.43355,0.1924200821050426,0.06427608591695012
2022-04-22 21:00:00+00:00,13577655.921925,10307115.251819,-3270540.670106001,5088325.968976,5218789.282843,0.30769952784282073,0.4936712013652911
2022-04-22 22:00:00+00:00,11216209.428308,5256458.939355,-5959750.488953001,14460.90283,5241998.036525,0.18891340422915032,0.0027510731077401785
2022-04-22 23:00:00+00:00,17788623.822191,11373626.234536,-6414997.587655,1004048.139583,10369578.094953,0.1560004405713399,0.08827862977721294
2022-04-23 00:00:00+00:00,7390926.070238,11418688.783395,4027762.713157,4090973.4522019997,7327715.331193,0.22785105294843716,0.358269984391822
2022-04-23 01:00:00+00:00,8223553.570601,5172392.132399,-3051161.438202,100209.00884,5072183.123559,0.4642420593491927,0.019373822841525782
2022-04-23 02:00:00+00:00,12685154.331627,1712734.988926,-10972419.342701,574.8189540000001,1712160.169972,0.10565687965825397,0.0003356146500869059
2022-04-23 03:00:00+00:00,46403162.828556,16413678.988339,-29989483.840217,3279468.375922,13134210.612417,0.12431154905516313,0.19980093300544496
2022-04-23 04:00:00+00:00,11183984.917987999,7099743.285748,-4084241.6322399983,6746.408046,7092996.877702,0.13745374532415242,0.0009502326738408578
2022-04-23 05:00:00+00:00,8022345.033662,2382169.818629,-5640175.215033,14463.460449,2367706.35818,0.04697931864792032,0.0060715488609977
2022-04-23 06:00:00+00:00,14623157.838705,18228866.070962,3605708.232257001,4368892.077892,13859973.99307,0.15561185935985267,0.23966888894156202
2022-04-23 07:00:00+00:00,5915215.234865,1307001.61043,-4608213.624435,10775.830585,1296225.779845,0.020199858641628293,0.008244695721112985
2022-04-23 08:00:00+00:00,8351371.542281,6816175.553231001,-1535195.989049999,65414.820746,6750760.732485,0.18357342627746662,0.009596997647015134
2022-04-23 09:00:00+00:00,15638432.164727999,15374969.845671,-263462.31905699894,7976.655418,15366993.190253,0.12489474601367745,0.0005188078739709476
2022-04-23 10:00:00+00:00,10213082.597301,11716843.309614,1503760.712313,23356.506759,11693486.802855,0.34954352480198647,0.001993412913513602
2022-04-23 11:00:00+00:00,7026262.333283,9049819.488572,2023557.155289,5884.949937,9043934.538635,0.2775639045296258,0.0006502836818382336
2022-04-23 12:00:00+00:00,32117579.555974,28174673.694764,-3942905.86121,381353.912237,27793319.782527,0.27067779794432767,0.013535344414933582
2022-04-23 13:00:00+00:00,30428991.496797,27577749.857889,-2851241.638907999,7134979.216361,20442770.641528003,0.18898830213622908,0.2587223124848215
2022-04-23 14:00:00+00:00,46406358.616953,46151855.049847,-254503.56710600108,2913096.320314,43238758.729532994,0.5309558690474313,0.06311980996576771
2022-04-23 15:00:00+00:00,22187295.749629,22009271.644367002,-178024.1052619964,5135.73175,22004135.912617,0.09327347206202367,0.00023334401215018973
2022-04-23 16:00:00+00:00,19076913.489421003,9213301.135058,-9863612.354363002,45516.432425,9167784.702632999,0.2578758381983086,0.004940295748263683
2022-04-23 17:00:00+00:00,13950866.263339,43605877.126122005,29655010.862783007,331348.51827299997,43274528.607849,0.5468899273927579,0.007598712378027281
2022-04-23 18:00:00+00:00,12713229.801388001,12967470.611199,254240.80981099978,8083.505633000001,12959387.105566,0.2145223683339626,0.000623367954735822
2022-04-23 19:00:00+00:00,5662339.918953,3538116.53738,-2124223.3815729995,6401.261089,3531715.2762909997,0.10643748456716176,0.0018092284472179024
2022-04-23 20:00:00+00:00,38079826.015325,38720623.301809,640797.2864839956,818400.203313,37902223.098496,0.7720823387190896,0.021136028646387132
2022-04-23 21:00:00+00:00,6435599.105924,5651657.722488,-783941.383436,16440.156951,5635217.565537,0.10643478841652362,0.0029089088119375064
2022-04-23 22:00:00+00:00,41426840.055235,39032728.636212,-2394111.4190229997,609724.024229,38423004.611983,0.7360292789568459,0.015620840395547907
2022-04-23 23:00:00+00:00,36359845.849073,41420632.922785,5060787.073711999,2042815.2919259998,39377817.630858995,0.6564082675942785,0.04931878505415767
2022-04-24 00:00:00+00:00,11406020.161091,5840533.199477,-5565486.961614,405265.004704,5435268.194773,0.11524826688183905,0.0693883573404377
2022-04-24 01:00:00+00:00,14278521.176401999,15215536.495397,937015.3189950008,250252.594797,14965283.9006,0.14719588060576602,0.01644717521940198
2022-04-24 02:00:00+00:00,5187341.954547,2186480.868259,-3000861.086288,72581.094952,2113899.773307,0.14886056598343358,0.03319539448327905
2022-04-24 03:00:00+00:00,11672897.954057,9488022.856801,-2184875.097256001,2141278.502161,7346744.35464,0.22057585123103288,0.22568226641930303
2022-04-24 04:00:00+00:00,47210901.093861,10888156.538459001,-36322744.555401996,357.79769899999997,10887798.74076,0.20296541963439302,3.2861182490919534e-05
2022-04-24 05:00:00+00:00,2926659.953232,2173819.777328,-752840.1759040002,400180.766064,1773639.0112639999,0.11564922084465351,0.18409105034267897
2022-04-24 06:00:00+00:00,3144473.99165,1971248.691804,-1173225.2998460003,5782.656190000001,1965466.035614,0.07348669487840867,0.0029334990628239648
2022-04-24 07:00:00+00:00,15521642.721302,11295195.418233,-4226447.303069001,1007129.49843,10288065.919803001,0.18856646945094874,0.08916441558897381
2022-04-24 08:00:00+00:00,4509177.981791,2356812.436027,-2152365.5457639997,492452.378413,1864360.057614,0.14419103238974307,0.20894848095894822
2022-04-24 09:00:00+00:00,12034810.014659,3395260.232297,-8639549.782362001,208740.928308,3186519.303989,0.22185883388467775,0.0614800969664644
2022-04-24 10:00:00+00:00,46967979.510255,47452955.872487,484976.36223199964,33598668.224725,13854287.647762,0.5082614217535368,0.708041630009509
2022-04-24 11:00:00+00:00,4276630.0663290005,9653472.957613,5376842.891284,135987.107036,9517485.850577,0.1924832341485142,0.014086858442873322
2022-04-24 12:00:00+00:00,6445335.336314,3702516.602508,-2742818.733806,23967.611624,3678548.990884,0.12910554153145745,0.0064733299528663526
2022-04-24 13:00:00+00:00,13123673.258214,14243903.379211001,1120230.1209970005,318380.253464,13925523.125747,0.11097377804121891,0.022352036867132677
2022-04-24 14:00:00+00:00,51032436.561165996,53320507.821724005,2288071.260558009,563159.2535679999,52757348.568156004,0.5119517608177615,0.010561775882759989
2022-04-24 15:00:00+00:00,6085787.257332,12119013.055104,6033225.797772001,173.16203,12118839.893074,0.2056209509804808,1.4288459729571104e-05
2022-04-24 16:00:00+00:00,19184090.488772,33942864.198497005,14758773.709725004,44817.94781,33898046.250687,0.37788349598187376,0.0013203938108435924
2022-04-24 17:00:00+00:00,13979966.395665,18048772.67794,4068806.2822750006,80200.981689,17968571.696250997,0.1511337392780346,0.004443569827161996
2022-04-24 18:00:00+00:00,4636881.819444,31631626.538752,26994744.719308,105421.654034,31526204.884718,0.8346392311419438,0.0033327927005222958
2022-04-24 19:00:00+00:00,5624006.899335001,4159410.787925,-1464596.1114100008,410184.20457500004,3749226.58335,0.10098057763570846,0.0986159399705813
2022-04-24 20:00:00+00:00,12062494.13464,10487120.554504,-1575373.580136001,11150.000147,10475970.554357,0.1414103886732179,0.0010632089227019812
2022-04-24 21:00:00+00:00,4710014.6389109995,5739353.794094,1029339.1551830005,55988.846030999994,5683364.948063,0.2536253030378204,0.00975525260154105
2022-04-24 22:00:00+00:00,8354541.601291,4961780.510684,-3392761.0906069996,71259.871621,4890520.639063,0.18713491668702517,0.01436175410572052
2022-04-24 23:00:00+00:00,10574676.136988001,12898314.298821,2323638.1618329994,111293.818014,12787020.480807,0.19701933831334767,0.008628555285257165
2022-04-25 00:00:00+00:00,3738174.171519,11114327.744718999,7376153.573199999,2542882.251662,8571445.493057,0.05542766336365502,0.22879316770825453
2022-04-25 01:00:00+00:00,30115130.26872,12295766.224531,-17819364.044189,1484754.061345,10811012.163186,0.07899116889372255,0.12075327671591554
2022-04-25 02:00:00+00:00,49623383.312397,19007527.354574,-30615855.957823005,6558847.6245329995,12448679.730041,0.17877367309281722,0.34506579957411815
2022-04-25 03:00:00+00:00,26242489.191172,22681920.989894,-3560568.201278001,3262212.377793,19419708.612101,0.5192504844539144,0.14382434271094097
2022-04-25 04:00:00+00:00,11844775.67344,5309780.904493,-6534994.768947,10686.933679000002,5299093.970814,0.0937750346751488,0.0020126882579951638
2022-04-25 05:00:00+00:00,18037486.899202,18226552.836708,189065.93750600144,56802.391873,18169750.444835,0.15321657207171743,0.003116463786756256
2022-04-25 06:00:00+00:00,15421132.35799,13850109.10961,-1571023.2483799998,1382266.882711,12467842.226899,0.1674540357880666,0.09980187677741137
2022-04-25 07:00:00+00:00,23449861.119985,20032071.310627,-3417789.8093580008,1830178.5259659998,18201892.784661,0.07956046267103262,0.09136242066965344
2022-04-25 08:00:00+00:00,22396208.310392,11345449.394387,-11050758.916005,261100.44059400004,11084348.953793,0.06504218913606466,0.023013671077954462
2022-04-25 09:00:00+00:00,9805728.183562,18865487.486413,9059759.302850999,1648843.606742,17216643.879671,0.07664364628933135,0.08740000002276666
2022-04-25 10:00:00+00:00,8494396.147608,5822146.332294,-2672249.8153140005,45875.525112,5776270.807182,0.08772655830011047,0.007879486789526373
2022-04-25 11:00:00+00:00,4469846.198932,12732486.211113,8262640.012181,491583.802254,12240902.408859,0.23388526603708817,0.03860862632036014
2022-04-25 12:00:00+00:00,14637468.172476,19764903.147148,5127434.974671999,213816.338828,19551086.80832,0.08527088634592189,0.010817980601076353
2022-04-25 13:00:00+00:00,14036339.071812,10447698.748295,-3588640.3235170003,1231041.329115,9216657.41918,0.04855671251534793,0.11782894575859573
2022-04-25 14:00:00+00:00,18215825.408938,18967352.200171,751526.7912329994,1780398.334782,17186953.865389,0.09877846528478255,0.09386646675786137
2022-04-25 15:00:00+00:00,91261235.151111,17573186.62162,-73688048.529491,1867569.2413159998,15705617.380304,0.06905224482568466,0.10627379550037672
2022-04-25 16:00:00+00:00,111963003.087829,116931511.719008,4968508.631179005,1271597.917004,115659913.802004,0.732159254463913,0.010874724001342857
2022-04-25 17:00:00+00:00,43953618.548894,38370153.215661004,-5583465.333232999,938276.590887,37431876.624774,0.6975772138484726,0.024453292787583576
2022-04-25 18:00:00+00:00,21548857.367667,21426737.144809,-122120.22285800055,54532.027715000004,21372205.117094,0.1608724849702661,0.0025450458157233397
2022-04-25 19:00:00+00:00,17116291.680445,12904413.885715,-4211877.79473,1852140.7569880001,11052273.128727,0.0741065051240063,0.14352769319017994
2022-04-25 20:00:00+00:00,19804612.530575,6114344.920852,-13690267.609723,606364.635087,5507980.285765,0.0641250416890775,0.09917082580982468
2022-04-25 21:00:00+00:00,10167663.616246,5774462.673132,-4393200.943114,109668.594088,5664794.079044,0.06666442132383812,0.018991999826802424
2022-04-25 22:00:00+00:00,17125029.964855,16680701.067029001,-444328.8978259992,283133.690437,16397567.376592001,0.11076820868026717,0.016973728460168907
2022-04-25 23:00:00+00:00,32642976.758436,23075440.916239,-9567535.842197001,1208659.426989,21866781.48925,0.44361863235923066,0.05237860595497544
2022-04-26 00:00:00+00:00,66555836.887351,8959468.37109,-57596368.516261,1358113.251826,7601355.119264,0.0753227124212077,0.151584133742611
2022-04-26 01:00:00+00:00,45767843.829114,27939392.551677,-17828451.277436998,152175.298957,27787217.25272,0.2891830086567045,0.005446621599790866
2022-04-26 02:00:00+00:00,4582257.731062,3044602.971014,-1537654.7600479997,13613.575281,3030989.395733,0.10714629106751745,0.004471379490399045
2022-04-26 03:00:00+00:00,49677424.612160005,8476437.613111,-41200986.99904901,4920225.516193,3556212.096918,0.3329135410793577,0.5804591198291367
2022-04-26 04:00:00+00:00,20220146.581839,25637302.990441002,5417156.408602003,178500.006644,25458802.983797,0.13886859028014906,0.006962511099960656
2022-04-26 05:00:00+00:00,8999231.99072,6023243.723584,-2975988.267136,405466.76602,5617776.957564,0.08770488539409757,0.06731701133600083
2022-04-26 06:00:00+00:00,51794421.332577996,8875913.561426999,-42918507.771151,945619.556418,7930294.005009,0.15256208058610932,0.10653771579384003
2022-04-26 07:00:00+00:00,25483312.750847,11444492.219696,-14038820.531151,285850.516482,11158641.703214,0.19498832526992482,0.024977125327592126
2022-04-26 08:00:00+00:00,11309907.16573,16775003.560118,5465096.394388,364490.379819,16410513.180298999,0.36652303109905815,0.02172818494569882
2022-04-26 09:00:00+00:00,5985186.553135,3130809.686685,-2854376.86645,597700.0583029999,2533109.628382,0.028765024151542987,0.1909090995996833
2022-04-26 10:00:00+00:00,19741927.069108,19209391.04614,-532536.0229679979,383724.617051,18825666.429089,0.10798120109603593,0.019975886592620902
2022-04-26 11:00:00+00:00,32176075.722723003,25394322.652985003,-6781753.069738001,1836020.2300860002,23558302.422899,0.513793364190169,0.07230042144361677
2022-04-26 12:00:00+00:00,11016083.789513,8890325.781051,-2125758.008461999,4610.00009,8885715.780961,0.13559184872315164,0.0005185411877510536
2022-04-26 13:00:00+00:00,31994125.418401,16331136.737861,-15662988.68054,85859.11599199999,16245277.621869,0.09223029958444859,0.005257387613009818
2022-04-26 14:00:00+00:00,15611679.707605,62810274.901481,47198595.193876,359190.85871400003,62451084.042767,0.4159911986174679,0.005718664012813144
2022-04-26 15:00:00+00:00,76970040.828586,18109109.804214,-58860931.024372,125585.61472099999,17983524.189493,0.09443003496934188,0.006934941368116071
2022-04-26 16:00:00+00:00,23980610.3479,72303194.663487,48322584.315587,2150632.451103,70152562.212384,0.19678912704307702,0.029744639377450165
2022-04-26 17:00:00+00:00,35632816.71354,71131334.195058,35498517.481518,705916.004591,70425418.190467,0.2663142312035323,0.009924121522242514
2022-04-26 18:00:00+00:00,17108542.845715,7422167.94489,-9686374.900825001,2453224.520569,4968943.4243209995,0.059037989990977216,0.33052667883350595
2022-04-26 19:00:00+00:00,35969393.045933,36171990.089235,202597.04330199957,3359080.0683399998,32812910.020895,0.31572622780085274,0.09286412110733387
2022-04-26 20:00:00+00:00,42072153.441552,76960475.534044,34888322.092492,601860.570363,76358614.96368101,0.3310299744882982,0.007820385284609668
2022-04-26 21:00:00+00:00,11062323.868914999,8502338.698069,-2559985.1708459985,279959.996581,8222378.701488,0.0587093954538876,0.0329274105070153
2022-04-26 22:00:00+00:00,17668706.745701,5077585.75487,-12591120.990830999,45614.471246,5031971.283624,0.046097770395710655,0.008983495985715332
2022-04-26 23:00:00+00:00,14185393.282517001,20107910.563244,5922517.280726999,400842.921541,19707067.641703,0.08418859376218907,0.01993458844370015
2022-04-27 00:00:00+00:00,3963609.442877,26598645.538903,22635036.096026003,325232.147467,26273413.391436,0.6238531732341915,0.012227395075110784
2022-04-27 01:00:00+00:00,69827693.414728,4982172.597735,-64845520.816993,303698.101117,4678474.496618,0.05776522342222458,0.060956961076592875
2022-04-27 02:00:00+00:00,14026885.495296,19218681.87866,5191796.383364001,8371495.394748,10847186.483912,0.23019123704834588,0.4355915482447068
2022-04-27 03:00:00+00:00,53954998.412723,16176461.974622,-37778536.43810099,9824108.040590001,6352353.934032,0.30337905999418663,0.6073088204331877
2022-04-27 04:00:00+00:00,8880483.44377,8963321.953139,82838.50936899893,784161.985348,8179159.967791,0.08064120618472487,0.08748564309612716
2022-04-27 05:00:00+00:00,15017915.865592,3804140.104732,-11213775.76086,183574.746797,3620565.357935,0.03814892744570114,0.04825656830268946
2022-04-27 06:00:00+00:00,22421861.372226,17988011.661052,-4433849.711174,207810.514782,17780201.14627,0.14589265371402224,0.011552722930014298
2022-04-27 07:00:00+00:00,24867938.693279,12620994.480631,-12246944.212648002,3448113.672159,9172880.808472,0.13358856525795243,0.2732045939367694
2022-04-27 08:00:00+00:00,28486879.009808,24785941.067854,-3700937.941954002,346353.903892,24439587.163962,0.4338874729845609,0.01397380486558172
2022-04-27 09:00:00+00:00,17846067.990147002,13096596.282939,-4749471.707208002,1125632.913011,11970963.369928,0.13867084392257192,0.08594850819959744
2022-04-27 10:00:00+00:00,7191864.039698,5244238.680993999,-1947625.3587040007,330672.849667,4913565.831327,0.07035628286677183,0.06305450033489396
2022-04-27 11:00:00+00:00,5444258.347891,10093381.027798,4649122.679907001,204757.002559,9888624.025239,0.1437139742999892,0.020286265028049807
2022-04-27 12:00:00+00:00,20872526.864228,17246821.616637,-3625705.247591,2150016.5117450003,15096805.104892,0.10664651441494094,0.12466160777537151
2022-04-27 13:00:00+00:00,17368174.058062,22187998.471399,4819824.413337003,1123702.175987,21064296.295412,0.2647329203219883,0.050644594077987076
2022-04-27 14:00:00+00:00,62121143.043607004,201542258.962788,139421115.919181,756873.975232,200785384.987556,0.5491614539615259,0.0037554107963618014
2022-04-27 15:00:00+00:00,164432657.176055,17045976.022251,-147386681.153804,1225815.179418,15820160.842833,0.09452159165106164,0.07191229049119156
2022-04-27 16:00:00+00:00,15914179.216811,9005797.894596,-6908381.322215,339928.354955,8665869.539641,0.06009056005856257,0.037745501168639006
2022-04-27 17:00:00+00:00,15863078.794421,38029331.755369,22166252.960947998,10583.200086,38018748.555283,0.7091837500309213,0.00027829045627408004
2022-04-27 18:00:00+00:00,10561374.226405,17193262.063827,6631887.837422,515802.823843,16677459.239984,0.19174126522470225,0.030000288597252317
2022-04-27 19:00:00+00:00,6367066.991679,3506933.2959849997,-2860133.695694,108276.441052,3398656.854933,0.2132100800229001,0.030874964509864784
2022-04-27 20:00:00+00:00,5507743.442466,6790500.327312,1282756.884846,3073429.5857639997,3717070.741548,0.2198977887361407,0.45260723623005966
2022-04-27 21:00:00+00:00,33392803.762878,11547072.551391,-21845731.211487003,419304.824728,11127767.726662999,0.16684640146904242,0.0363126517878758
2022-04-27 22:00:00+00:00,25290633.302197002,5784147.477435,-19506485.824762,31769.645817999997,5752377.8316170005,0.1522546964775685,0.005492537308555686
2022-04-27 23:00:00+00:00,6589005.557286,5573170.853687,-1015834.7035989994,1423882.1173440001,4149288.736343,0.19679074693913687,0.25548868942390546
2022-04-28 00:00:00+00:00,10105302.647629,2942099.891161,-7163202.756468,376242.587403,2565857.303758,0.07435828535252315,0.12788232939790792
2022-04-28 01:00:00+00:00,13750764.618989,13058268.460283,-692496.1587060001,112985.65830499998,12945282.801978,0.16892978502811157,0.008652422689014876
2022-04-28 02:00:00+00:00,7199643.80756,5567464.095949,-1632179.711611,1278594.989035,4288869.106914,0.06170896282140648,0.2296548243508803
2022-04-28 03:00:00+00:00,31880418.516151,13344608.598079,-18535809.918072,10748580.939622002,2596027.6584570003,0.5213871615755924,0.8054624353065923
2022-04-28 04:00:00+00:00,18969352.842083,14088587.595594,-4880765.246489,1003920.284354,13084667.31124,0.13458031667491527,0.07125769546039955
2022-04-28 05:00:00+00:00,39027336.994539,6148831.620828,-32878505.373711,10203.760663000001,6138627.860165,0.22243461926404046,0.001659463340716096
2022-04-28 06:00:00+00:00,9462864.2173,4304880.028896,-5157984.188403999,1043726.7342559999,3261153.29464,0.06513894706705524,0.24245199105436321
2022-04-28 07:00:00+00:00,13302464.491577,15993761.857548,2691297.365971001,1002359.368743,14991402.488805,0.18060912536665302,0.06267189530960487
2022-04-28 08:00:00+00:00,6165938.695416,16803866.582307998,10637927.886891998,86303.600968,16717562.981339999,0.3675913375495489,0.005135937050277762
2022-04-28 09:00:00+00:00,10680917.219789,9085401.791228,-1595515.4285610002,1081340.803665,8004060.987563,0.107362457318245,0.11901959082415484
2022-04-28 10:00:00+00:00,19282937.668263,13663834.436722,-5619103.231541,63523.959059,13600310.477663,0.13712908674176483,0.004649058019048979
2022-04-28 11:00:00+00:00,7833090.711073,9954122.079962,2121031.3688890003,3364222.7521200003,6589899.327842,0.16908490502420784,0.3379728242325157
2022-04-28 12:00:00+00:00,9029424.839723,8153744.2931780005,-875680.5465449998,1128037.650925,7025706.642253,0.046907237593722576,0.13834596847350195
2022-04-28 13:00:00+00:00,23911055.988151,65160582.019544,41249526.031393,3651945.4632039997,61508636.556339994,0.3999263054399384,0.05604531681605683
2022-04-28 14:00:00+00:00,13031045.84456,18588610.641028002,5557564.796468003,1482505.530539,17106105.110489,0.0965084261774528,0.07975343392619542
2022-04-28 15:00:00+00:00,51465207.137434006,7841632.645168,-43623574.49226601,24109.833316,7817522.811852,0.02996495784600285,0.003074593570875376
2022-04-28 16:00:00+00:00,21478529.36042,30224633.245127,8746103.884707,85729.439106,30138903.806021,0.32177445576972147,0.0028364095739630466
2022-04-28 17:00:00+00:00,21999986.499472,40208552.706426,18208566.206954002,229198.322396,39979354.38403,0.633268036005892,0.005700238058043066
2022-04-28 18:00:00+00:00,6530615.198799,2510158.217489,-4020456.98131,50701.151193000005,2459457.066296,0.06631160672789349,0.02019838862735838
2022-04-28 19:00:00+00:00,14032508.862479,12024858.796503,-2007650.0659759995,206650.67406599998,11818208.122437,0.15461184076438927,0.017185289038578726
2022-04-28 20:00:00+00:00,44363623.794239,11822036.540287,-32541587.253952,733012.423709,11089024.116578,0.1282141990069591,0.06200390442129398
2022-04-28 21:00:00+00:00,151356243.961811,4042890.067009,-147313353.894802,241568.510266,3801321.556743,0.09522930091601975,0.05975144173156223
2022-04-28 22:00:00+00:00,5532014.614272,9525001.287871,3992986.673598999,3623956.2633809997,5901045.02449,0.17718563635440882,0.3804677977309771
2022-04-28 23:00:00+00:00,10038683.901126,13783814.578335,3745130.677209001,12934.216863,13770880.361472,0.12128548941310982,0.0009383626563962655
2022-04-29 00:00:00+00:00,5746949.818994,1853054.498953,-3893895.320041,61770.869387,1791283.629566,0.0636823673653879,0.033334620984920495
2022-04-29 01:00:00+00:00,5786879.053137,6210738.581214,423859.5280769998,1658707.574363,4552031.006851,0.09352582954276215,0.2670709051223302
2022-04-29 02:00:00+00:00,44512519.231332,20347281.591218,-24165237.640114,10014811.368889,10332470.222329,0.2835401885079723,0.4921940714287578
2022-04-29 03:00:00+00:00,17816235.502471,53335047.04688,35518811.544409,4417728.981338999,48917318.065541,0.4710031608394345,0.08282975690367236
2022-04-29 04:00:00+00:00,47928125.965362996,18386149.300939,-29541976.664423995,1329161.04129,17056988.259649,0.1529617015070302,0.0722914308773789
2022-04-29 05:00:00+00:00,79750446.446365,74440663.82252601,-5309782.623838991,13780045.179916,60660618.64261,0.4022787084790645,0.1851144854480208
2022-04-29 06:00:00+00:00,54406324.015192,24338395.842081,-30067928.173111003,238440.05675600003,24099955.785325002,0.45136082437014,0.00979686822020283
2022-04-29 07:00:00+00:00,9311281.953463001,20490640.716996,11179358.763532998,2121213.868942,18369426.848054,0.4394365288998102,0.1035211098685926
2022-04-29 08:00:00+00:00,34089232.8512,29515643.659014,-4573589.192185998,856513.765811,28659129.893203,0.35384486064086246,0.029018976367449906
2022-04-29 09:00:00+00:00,41119131.110154,44032612.588098004,2913481.4779440016,101157.646771,43931454.941327006,0.6123389125930178,0.0022973346532325196
2022-04-29 10:00:00+00:00,7714064.71595,42676044.101514,34961979.385564,458324.75509,42217719.346424006,0.6362641215167866,0.010739626053431232
2022-04-29 11:00:00+00:00,9145713.910306001,8136786.492244,-1008927.4180620015,634627.9945789999,7502158.497665,0.05279777605607295,0.07799491791801696
2022-04-29 12:00:00+00:00,58969784.075941004,16376104.3104,-42593679.765541,695319.5448070001,15680784.765593,0.08897208758479844,0.042459398867252106
2022-04-29 13:00:00+00:00,10201356.134528,7936901.332586,-2264454.801942,370506.047634,7566395.284952,0.06310705707570376,0.04668144810026028
2022-04-29 14:00:00+00:00,16201275.103089,8360104.320353,-7841170.782735999,654088.166478,7706016.153875,0.12565900784675632,0.07823923499203196
2022-04-29 15:00:00+00:00,25480570.482733,15556222.760211,-9924347.722522,60523.250836,15495699.509375,0.1070516505488443,0.0038906135357487694
2022-04-29 16:00:00+00:00,9926067.144414,8142452.304462,-1783614.8399520004,1294220.589156,6848231.715306,0.11252673292666472,0.15894727297902345
2022-04-29 17:00:00+00:00,15288924.61932,47715715.162721,32426790.543401003,568100.7838920001,47147614.378828995,0.5766601921712724,0.011905947169703996
2022-04-29 18:00:00+00:00,15414900.037964001,54207562.567493,38792662.529529,591107.041491,53616455.526002005,0.424558927440702,0.010904512460877055
2022-04-29 19:00:00+00:00,46669767.126801,43162419.855202004,-3507347.2715989947,210765.002888,42951654.852314,0.5989450195423303,0.004883067344116905
2022-04-29 20:00:00+00:00,53725563.828334,35542283.264969,-18183280.563365005,25355630.089176,10186653.175793,0.518582628923739,0.7133933940076068
2022-04-29 21:00:00+00:00,14056034.170832999,42898652.426424004,28842618.255591005,941912.041509,41956740.384915,0.5771959472012944,0.021956681346214424
2022-04-29 22:00:00+00:00,102992212.40102,74941856.473403,-28050355.927617,21680.040892,74920176.43251102,0.86386437914584,0.00028929148425478737
2022-04-29 23:00:00+00:00,55629712.791558996,81883828.66945301,26254115.877894014,157788.15068,81726040.518773,0.7131668320024911,0.0019269757318866466
2022-04-30 00:00:00+00:00,50231342.239502005,16774295.596915,-33457046.642587006,852703.3256069999,15921592.271308,0.11189850043690555,0.05083392746243381
2022-04-30 01:00:00+00:00,13496657.381098,6924024.6836790005,-6572632.697419,13304.870281,6910719.813398,0.14999927551221925,0.0019215515381338314
2022-04-30 02:00:00+00:00,6046882.567204,8085388.587199,2038506.0199949993,281582.437233,7803806.149966,0.1747231903275299,0.03482608587035739
2022-04-30 03:00:00+00:00,101815889.56460601,97432993.446101,-4382896.118505016,3694006.142347,93738987.303754,0.37396489501121005,0.037913298274988225
2022-04-30 04:00:00+00:00,71348019.011751,45099403.271460004,-26248615.740290992,16083.854947,45083319.416513,0.584995580472111,0.00035663121416904095
2022-04-30 05:00:00+00:00,5011419.299509,1946628.988256,-3064790.311253,20992.101609,1925636.886647,0.06506723610371241,0.01078382256487765
2022-04-30 06:00:00+00:00,6353086.660636,4460385.918406,-1892700.74223,175087.67072499997,4285298.247681,0.06010496562511064,0.03925392867968938
2022-04-30 07:00:00+00:00,15388669.47792,12645889.693434,-2742779.7844859995,67195.359566,12578694.333868,0.1530303505620979,0.005313612659525979
2022-04-30 08:00:00+00:00,7711794.716893,41503737.788440004,33791943.071547,459845.722557,41043892.065883,0.7864419739801066,0.011079621910224201
2022-04-30 09:00:00+00:00,8362351.911859999,8455386.936038,93035.0241780011,6736.167048,8448650.76899,0.10453617628428558,0.0007966716483771484
2022-04-30 10:00:00+00:00,20545977.561417,18687842.388015,-1858135.1734020002,2716653.948766,15971188.439249,0.09424476078764973,0.14537012311856082
2022-04-30 11:00:00+00:00,14616540.660487,8666532.672549,-5950007.987938,1269990.646815,7396542.025734,0.09147560880159857,0.1465396479537497
2022-04-30 12:00:00+00:00,13914383.482495999,27242193.726574,13327810.244078001,9209017.592953,18033176.133621,0.1619039551838997,0.3380424383360089
2022-04-30 13:00:00+00:00,17497069.105606,25497132.450205,8000063.344598997,1412743.606629,24084388.843576,0.0937757608779709,0.05540794084934996
2022-04-30 14:00:00+00:00,14412078.388591,26777125.2177,12365046.829109,3495477.502746,23281647.714954,0.09321828950773568,0.1305396854340229
2022-04-30 15:00:00+00:00,43463174.36625901,14955402.44462,-28507771.92163901,1848051.995072,13107350.449548,0.028950195231606538,0.12357086356688524
2022-04-30 16:00:00+00:00,17952706.275304,80417781.43893601,62465075.163632005,892707.7404370001,79525073.69849901,0.32370514717671783,0.011100875011266803
2022-04-30 17:00:00+00:00,17276443.196581,29685407.230931,12408964.03435,1110668.234252,28574738.996679,0.07722430566920888,0.03741462010649894
2022-04-30 18:00:00+00:00,53999275.685247004,7564055.492336,-46435220.19291101,372722.74746100005,7191332.744875,0.04634253038728031,0.04927551732515019
2022-04-30 19:00:00+00:00,16952751.040106,16464632.799615001,-488118.2404909972,111534.86344999999,16353097.936165001,0.11361744428904856,0.0067742089852503755
2022-04-30 20:00:00+00:00,8610216.856524,7337905.451046,-1272311.4054779997,80676.92539300001,7257228.525653,0.11212703422000367,0.01099454414222518
2022-04-30 21:00:00+00:00,4054163.205806,11145093.727062,7090930.521256,1158764.9000129998,9986328.827049,0.14013814350645826,0.10397085286051391
2022-04-30 22:00:00+00:00,12209060.567382,51277275.620419,39068215.053037,5490623.804635,45786651.815784,0.46017866027076526,0.10707713579167985
2022-04-30 23:00:00+00:00,78291930.49038,95508649.88982,17216719.39943999,11618825.053391999,83889824.836428,0.12036351901029071,0.12165207095687798
2022-05-01 00:00:00+00:00,29446983.229220998,56941548.235455,27494565.006234,1465597.359561,55475950.875894,0.48906784468930864,0.025738628558196402
2022-05-01 01:00:00+00:00,87736636.197186,72486416.124687,-15250220.072498992,1187998.977652,71298417.147035,0.2867496430708589,0.01638926354985563
2022-05-01 02:00:00+00:00,21899971.008674,15357065.976955,-6542905.031718999,3275045.001946,12082020.975009,0.0719482585317064,0.21325981192374716
2022-05-01 03:00:00+00:00,57405567.42372599,17748766.080472,-39656801.34325399,9278236.56095,8470529.519522,0.2501811000217601,0.5227538927992487
2022-05-01 04:00:00+00:00,47496689.811053,16274097.833383001,-31222591.97767,3891482.653267,12382615.180116,0.13478450843534948,0.2391212522567251
2022-05-01 05:00:00+00:00,12863122.570025,20303837.129749,7440714.559723999,10002993.300015,10300843.829734,0.271691070287914,0.4926651664949924
2022-05-01 06:00:00+00:00,16730605.936828,7607282.834324,-9123323.102504,440849.03429700003,7166433.800027,0.09824470750874406,0.05795091938844349
2022-05-01 07:00:00+00:00,8143837.804913,4257052.546066,-3886785.258847,958499.9684840001,3298552.577582,0.04541851253704728,0.22515577576550302
2022-05-01 08:00:00+00:00,16823331.29056,16893544.789163,70213.49860300124,2065633.126887,14827911.662276,0.11844911837959798,0.12227351646245836
2022-05-01 09:00:00+00:00,10440175.681129,4960140.253763,-5480035.427366,45764.694063999996,4914375.559699,0.11387567525889156,0.00922649193826338
2022-05-01 10:00:00+00:00,10505155.819836,2760008.094894,-7745147.724942001,81626.89141000001,2678381.203484,0.039676830103155696,0.029574873914685003
2022-05-01 11:00:00+00:00,15393086.450358,13491442.405049,-1901644.0453089997,63076.24004999999,13428366.164999,0.10239226060080807,0.00467527771725835
2022-05-01 12:00:00+00:00,11067581.585014,9507382.152141001,-1560199.4328729995,372800.676219,9134581.475922,0.05843316985813535,0.03921170625660059
2022-05-01 13:00:00+00:00,7531008.806426,4870797.692148,-2660211.114278,327331.581377,4543466.110771,0.02680107869497401,0.06720286944060044
2022-05-01 14:00:00+00:00,18849708.197306,13472376.018167,-5377332.179138999,1023706.657616,12448669.360551,0.09368510015230377,0.07598560611992788
2022-05-01 15:00:00+00:00,8660720.979823,10490951.945022,1830230.9651989993,1610558.207223,8880393.737799,0.08857947888458863,0.15351878606089855
2022-05-01 16:00:00+00:00,20793850.419456,25759707.697173,4965857.277716998,612191.568831,25147516.128342,0.19511310667239262,0.0237654703239581
2022-05-01 17:00:00+00:00,16811832.68045,5703971.688652,-11107860.991797999,688654.189671,5015317.498981,0.05601190039290853,0.12073239967881874
2022-05-01 18:00:00+00:00,8754090.064207999,16438283.069221,7684193.005013,216784.924337,16221498.144884,0.10158912530801786,0.013187808205037396
2022-05-01 19:00:00+00:00,31120991.514361,26495422.2925,-4625569.221861001,1154932.072152,25340490.220348,0.4192510631789533,0.04358987222026365
2022-05-01 20:00:00+00:00,7331622.356152,13102377.50596,5770755.149808001,4189629.442651,8912748.063309,0.1623418196552594,0.3197610083166375
2022-05-01 21:00:00+00:00,9784775.504785,9604111.748802999,-180663.75598200038,220610.155004,9383501.593799,0.14680936969015446,0.02297038609858903
2022-05-01 22:00:00+00:00,4768072.826844,30512748.036056,25744675.209212,58368.006412,30454380.029644,0.7778299324826711,0.0019129055941807757
2022-05-01 23:00:00+00:00,9853388.808861,14632763.26878,4779374.459919,3887051.2083509997,10745712.060429,0.1920772060849582,0.26564027155720404
2022-05-02 00:00:00+00:00,15125264.08725,15062709.127601,-62554.95964900032,623639.622086,14439069.505515,0.11032285808452721,0.04140288555019887
2022-05-02 01:00:00+00:00,12532007.471713,10976639.139778,-1555368.3319350015,1274215.857658,9702423.28212,0.11978700556469855,0.11608433523521762
2022-05-02 02:00:00+00:00,9894289.985873,6511477.029399,-3382812.9564740006,1351949.890683,5159527.138716,0.15510632129079727,0.2076256868570698
2022-05-02 03:00:00+00:00,29568961.76665,31731514.916836,2162553.1501860023,14738980.2105,16992534.706336,0.10870633863977709,0.46449027880102384
2022-05-02 04:00:00+00:00,46505848.440672,5849944.615658999,-40655903.825013004,1388938.04781,4461006.567849,0.06552795557260085,0.23742755514165415
2022-05-02 05:00:00+00:00,4261795.269723,5563555.814345,1301760.5446220003,33064.117607,5530491.696738,0.14627185102952947,0.005942982996907824
2022-05-02 06:00:00+00:00,21745243.441511,14960402.045496,-6784841.396015001,969414.885887,13990987.159609,0.11566366718094408,0.06479871884050425
2022-05-02 07:00:00+00:00,18822558.026126,3794536.219129,-15028021.806997001,10918.253311999999,3783617.9658170003,0.10187826761469297,0.002877361733156992
2022-05-02 08:00:00+00:00,35202096.135741,5725248.469878,-29476847.665863004,376073.79338100005,5349174.676497,0.04808840966238626,0.06568689470153491
2022-05-02 09:00:00+00:00,21701857.725576,13747185.877140999,-7954671.848435,4055.5607820000005,13743130.316359,0.12608923670610622,0.00029501025287972867
2022-05-02 10:00:00+00:00,7547452.44239,5643902.888891,-1903549.5534990001,385040.42846,5258862.460431,0.16144897413870601,0.06822236952692476
2022-05-02 11:00:00+00:00,15344015.198675001,10872760.201043,-4471254.997632001,359976.388517,10512783.812526,0.12847951967079468,0.0331080959996219
2022-05-02 12:00:00+00:00,14803243.508972,12281638.95243,-2521604.556542,311483.360774,11970155.591656,0.13901772141896832,0.025361709620389958
2022-05-02 13:00:00+00:00,24053681.741493,15199446.628005,-8854235.113488002,2002384.248774,13197062.379231,0.10737892718059222,0.13174060199564136
2022-05-02 14:00:00+00:00,10916667.243428,9528154.918563,-1388512.3248649985,584079.065859,8944075.852704,0.054307631604673674,0.06130033263009629
2022-05-02 15:00:00+00:00,8883110.263278,7700508.975927,-1182601.2873510001,24314.472880999998,7676194.503046,0.08660097190590818,0.0031575150366048347
2022-05-02 16:00:00+00:00,22130537.259272,17796148.359888,-4334388.899384003,47603.21832300001,17748545.141565,0.1004963341964715,0.0026749169179942486
2022-05-02 17:00:00+00:00,24548081.924889002,56569216.017097004,32021134.092208,1574704.959343,54994511.057754,0.3623758593027549,0.02783678244483845
2022-05-02 18:00:00+00:00,30568886.799857,18338521.515418,-12230365.284439001,621741.29565,17716780.219768,0.18761943956982316,0.03390356715110729
2022-05-02 19:00:00+00:00,27139059.621985998,13211522.925384,-13927536.696601998,1155817.153031,12055705.772353001,0.10222711077922068,0.0874855351316287
2022-05-02 20:00:00+00:00,12557684.052561,6698796.660939,-5858887.391622,256241.39975500002,6442555.261184,0.10797006982203858,0.03825185518007372
2022-05-02 21:00:00+00:00,35710629.882342994,36934415.072302,1223785.1899590045,45755.293882,36888659.77842,0.6812268021708248,0.0012388254637965821
2022-05-02 22:00:00+00:00,14506482.787223,14766464.528443,259981.74121999927,201965.928603,14564498.59984,0.11354565255549137,0.013677338147799393
2022-05-02 23:00:00+00:00,6575066.295509,14781826.041872,8206759.746363,64414.424320000006,14717411.617552001,0.264032445346491,0.004357677064899516
2022-05-03 00:00:00+00:00,14187867.160009,7413871.926143,-6773995.233866001,2107560.971197,5306310.954946,0.13054670289805295,0.2842726435245341
2022-05-03 01:00:00+00:00,17312261.54175,16254907.222737,-1057354.3190129995,136298.188306,16118609.034431,0.10820447032273979,0.008385048677198794
2022-05-03 02:00:00+00:00,7620821.033269,3671478.997023,-3949342.0362460003,23137.926978,3648341.070045,0.18443709494561283,0.006302072542635072
2022-05-03 03:00:00+00:00,47356923.821136,9960923.527675,-37396000.293460995,3151126.928065,6809796.59961,0.1462250899323782,0.3163488726030318
2022-05-03 04:00:00+00:00,7220838.051945,5943782.274891,-1277055.7770539997,2069.98865,5941712.286241,0.1474167714379291,0.0003482611835807798
2022-05-03 05:00:00+00:00,13036630.319718,16254226.064983,3217595.7452649996,56227.847691999996,16197998.217291,0.12987207298703657,0.003459275604215537
2022-05-03 06:00:00+00:00,12338755.503766,6994396.529969,-5344358.973797,143055.27361099998,6851341.2563579995,0.16461144978795322,0.020452840069625566
2022-05-03 07:00:00+00:00,6897120.909558,5989929.747825,-907191.1617329996,16762.070218,5973167.677607,0.17483298326482763,0.0027983750934785947
2022-05-03 08:00:00+00:00,16435806.3594,11830126.709948,-4605679.649452001,157453.126662,11672673.583286,0.15940839453910244,0.013309504667401157
2022-05-03 09:00:00+00:00,8903538.785139,7007366.291566,-1896172.4935729997,2967.735541,7004398.556025,0.2035942418660902,0.00042351654209541443
2022-05-03 10:00:00+00:00,11362560.032024,10782570.359282,-579989.6727419998,5131021.477679,5651548.881603,0.21074621889305079,0.4758625547258353
2022-05-03 11:00:00+00:00,21701288.684317,16400312.411848001,-5300976.272468999,28897.072978,16371415.33887,0.09590597710792208,0.0017619830800981585
2022-05-03 12:00:00+00:00,14138844.306651,12948807.62731,-1190036.6793409996,999908.1594130001,11948899.467897,0.10678275289465605,0.07722009533172146
2022-05-03 13:00:00+00:00,13863106.701857,6255515.752924,-7607590.948933001,1361992.028432,4893523.7244919995,0.05500450361936337,0.21772657638906392
2022-05-03 14:00:00+00:00,21988089.006573,14684675.064637,-7303413.941935999,84739.2843,14599935.780337,0.1449330268209442,0.0057705930793161015
2022-05-03 15:00:00+00:00,66866358.935299,8246070.195014,-58620288.740285,1566976.518556,6679093.676458,0.09880330049930923,0.19002706519567042
2022-05-03 16:00:00+00:00,16794896.424938,13785982.858938001,-3008913.5659999996,9424399.396793,4361583.462145,0.41433322051806554,0.6836218710864556
2022-05-03 17:00:00+00:00,11879061.752608001,35977543.656787,24098481.904179,14894.742042999998,35962648.914744,0.6981885689360314,0.0004140010831503827
2022-05-03 18:00:00+00:00,20864491.830737002,294223802.5002931,273359310.6695561,277108700.62613004,17115101.874162998,0.8613387386756761,0.9418296489654471
2022-05-03 19:00:00+00:00,14191270.547331,13635011.581340998,-556258.9659900013,13590.642766,13621420.938575,0.14114938533146504,0.0009967459642350642
2022-05-03 20:00:00+00:00,320844117.46990097,52135265.096194,-268708852.37370694,43290423.784046,8844841.312148001,0.3956250319928863,0.830348204889176
2022-05-03 21:00:00+00:00,15021131.139691,13632441.725078,-1388689.414613001,201984.321661,13430457.403417,0.09006485345442092,0.014816444899187296
2022-05-03 22:00:00+00:00,7859809.364925,3249918.760777,-4609890.6041480005,518585.024812,2731333.735965,0.09703903151607496,0.15956861170524003
2022-05-03 23:00:00+00:00,10116846.818547,2735233.331645,-7381613.486901999,204000.921176,2531232.4104689998,0.06360439778203503,0.07458263937333331
2022-05-04 00:00:00+00:00,16325847.810163,16959854.805407003,634006.995244002,163666.652069,16796188.153338,0.11807732613227523,0.009650238987707675
2022-05-04 01:00:00+00:00,3072571.8719019997,5540162.9094549995,2467591.037553,372999.786311,5167163.123144,0.18804244307724752,0.06732650147785871
2022-05-04 02:00:00+00:00,5834924.971666,7463952.449235,1629027.4775689999,191084.982009,7272867.467226,0.21124647248477554,0.025601044930100646
2022-05-04 03:00:00+00:00,23608623.251747,19735378.874346,-3873244.3774010018,4306899.678704999,15428479.195641,0.13049955256108192,0.21823242949257662
2022-05-04 04:00:00+00:00,37315833.793972,7953528.218875,-29362305.575097002,6624321.083016,1329207.135859,0.695046261531428,0.8328783026500644
2022-05-04 05:00:00+00:00,5069531.928511,5402972.541894,333440.6133829998,43058.433923,5359914.107971,0.25238589086971847,0.007969397140024323
2022-05-04 06:00:00+00:00,25480192.361582,11186191.145852,-14294001.21573,10942.737223,11175248.408629,0.14916732148093786,0.0009782362092979008
2022-05-04 07:00:00+00:00,16707524.530243,5179389.535338,-11528134.994904999,259035.819731,4920353.715607,0.1119622041931794,0.050012809031575504
2022-05-04 08:00:00+00:00,15720503.473719,9889222.529077,-5831280.944642,305120.86225999997,9584101.666817,0.12157361562064353,0.030853877679753058
2022-05-04 09:00:00+00:00,17141434.061518,7753362.457884,-9388071.603634,3002530.10998,4750832.347904,0.16121879556823548,0.38725522330339146
2022-05-04 10:00:00+00:00,16950495.391234,21065377.913375,4114882.522141002,172861.492888,20892516.420487,0.08411768115646086,0.008205952610906894
2022-05-04 11:00:00+00:00,15357315.380341,6732552.912324,-8624762.468017,876754.753868,5855798.158456,0.0736962607000418,0.13022619581096678
2022-05-04 12:00:00+00:00,9702907.538303,5228712.168202,-4474195.370101001,2814.138103,5225898.030099,0.06697667421005588,0.0005382086472676691
2022-05-04 13:00:00+00:00,30268640.237046,43378913.156539,13110272.919493001,3597751.001658,39781162.154881,0.15103338910091932,0.0829377856627021
2022-05-04 14:00:00+00:00,7520618.238226,13540027.048252,6019408.810025999,702954.8565999999,12837072.191652,0.17420653211863213,0.051916798548105596
2022-05-04 15:00:00+00:00,44164006.827448,50932381.563672,6768374.736223996,106091.989805,50826289.573867,0.4640980473663474,0.002082996839100709
2022-05-04 16:00:00+00:00,19054630.077477,22746791.652347002,3692161.5748700015,6018418.819936,16728372.832411,0.1343056171442053,0.2645831953762597
2022-05-04 17:00:00+00:00,16858291.893036,48431088.01854,31572796.125504002,11773464.672973001,36657623.345567,0.4119556785207911,0.24309725745715186
2022-05-04 18:00:00+00:00,48854695.082969,53011601.096241,4156906.013271995,1079968.803178,51931632.293063,0.18509618541525408,0.02037231060456651
2022-05-04 19:00:00+00:00,80812318.40464,77777714.543149,-3034603.8614910096,679482.96973,77098231.573419,0.19496813667131768,0.008736216713503983
2022-05-04 20:00:00+00:00,28873499.65653,12207321.551142,-16666178.105388,518555.954403,11688765.596739,0.08597068737461717,0.042479093569423414
2022-05-04 21:00:00+00:00,25824906.686715998,11721140.698265001,-14103765.988450997,2081975.908199,9639164.790066,0.06815786379788119,0.17762570741149625
2022-05-04 22:00:00+00:00,12676464.60922,10792691.937512001,-1883772.671707999,5066954.060567001,5725737.876945,0.24792617241184128,0.46948009726432227
2022-05-04 23:00:00+00:00,11126234.065907,14027718.503826,2901484.437919,890420.8018429999,13137297.701983001,0.1388642506910728,0.06347581052472229
2022-05-05 00:00:00+00:00,10167172.334363,4292860.804061,-5874311.530302,528881.97559,3763978.828471,0.04893942708529669,0.12320035513140407
2022-05-05 01:00:00+00:00,77265251.861755,21541348.419239998,-55723903.442515,81490.725494,21459857.693746,0.43241527918284167,0.00378299092090332
2022-05-05 02:00:00+00:00,19034424.337992,16042481.199788,-2991943.138204001,807425.9051379999,15235055.29465,0.10571630544928387,0.050330487851758865
2022-05-05 03:00:00+00:00,9646301.41646,12893858.43273,3247557.0162700005,4613429.637041,8280428.795689,0.20815022939540445,0.35780054985947324
2022-05-05 04:00:00+00:00,5290567.936815,9513315.326542001,4222747.389727001,954309.7508910001,8559005.575651001,0.1448543704962347,0.10031305787042408
2022-05-05 05:00:00+00:00,15783819.411862,13679340.264256,-2104479.1476060003,138744.889676,13540595.37458,0.13609610705192587,0.010142659440860551
2022-05-05 06:00:00+00:00,4313471.015516,6887088.318882,2573617.303366,1055250.030581,5831838.288300999,0.1961864520812204,0.153221504026291
2022-05-05 07:00:00+00:00,12036079.652407,5989886.741413,-6046192.910994,488418.871971,5501467.869442,0.1145545987204957,0.08154058549958211
2022-05-05 08:00:00+00:00,100542762.040506,14499985.719077,-86042776.321429,1078671.649837,13421314.06924,0.11280597884610652,0.07439122153188321
2022-05-05 09:00:00+00:00,10566752.910490999,20983568.22432,10416815.313829,207375.878746,20776192.345574,0.3417451466538146,0.00988277477543838
2022-05-05 10:00:00+00:00,3327611.89798,4541745.843236,1214133.9452560004,39003.001884,4502742.841352,0.20796014730600063,0.008587667216580816
2022-05-05 11:00:00+00:00,20095724.059948,13612137.831339,-6483586.228609001,213674.803499,13398463.02784,0.14364346914313297,0.015697372899579377
2022-05-05 12:00:00+00:00,19646297.063458,18252869.239462,-1393427.823996,2014881.4983450002,16237987.741117,0.2397208601360285,0.1103871107556561
2022-05-05 13:00:00+00:00,12263975.548287,6215111.939565,-6048863.608722,746888.275535,5468223.66403,0.03160256962184539,0.12017294021373254
2022-05-05 14:00:00+00:00,32502122.271897,43101562.996654004,10599440.724757005,378394.508148,42723168.488506004,0.0855134323506086,0.008779136575102275
2022-05-05 15:00:00+00:00,50053989.077115,143544563.951576,93490574.874461,4814465.383617001,138730098.567959,0.08466897859020155,0.03353986560745787
2022-05-05 16:00:00+00:00,71920619.891371,29717794.424641,-42202825.46673,1447752.904686,28270041.519954998,0.025352306077241975,0.04871670097716174
2022-05-05 17:00:00+00:00,13762230.421897,43878533.303995006,30116302.882098004,3418007.892913,40460525.411082,0.3644328247533444,0.07789704066069594
2022-05-05 18:00:00+00:00,23614630.227904,38288962.541968,14674332.314064004,3529583.800392,34759378.741576,0.07361923285498144,0.09218280063146846
2022-05-05 19:00:00+00:00,30892902.50513,39344113.572411,8451211.067281,2432988.903699,36911124.668712,0.1989356920917427,0.06183870172144551
2022-05-05 20:00:00+00:00,9617380.550282,21185171.713166,11567791.162883999,75447.10855,21109724.604615998,0.28724074221993845,0.003561316829124954
2022-05-05 21:00:00+00:00,20368101.957967,20583295.498131,215193.5401640013,39491.548129,20543803.950002,0.2732724498140735,0.0019186212495752152
2022-05-05 22:00:00+00:00,11595048.511631,13592232.829728002,1997184.318097001,521303.954629,13070928.875099001,0.5443829489204823,0.038353077169840676
2022-05-05 23:00:00+00:00,24449987.542471,22086099.224677,-2363888.317793999,9016391.455792,13069707.768885,0.26727507101962383,0.4082382934202299
2022-05-06 00:00:00+00:00,24695406.635606,21769081.022543,-2926325.613063,2627850.4563039998,19141230.566239,0.08358976791814143,0.12071480893395206
2022-05-06 01:00:00+00:00,5773738.926463,8008411.676373,2234672.7499100007,514741.62231500004,7493670.054058,0.07644475002097696,0.06427512010073462
2022-05-06 02:00:00+00:00,15884218.837685,13401708.422815999,-2482510.414869001,2819966.1778120003,10581742.245004,0.1305213574364137,0.21041841001488243
2022-05-06 03:00:00+00:00,58840535.785288,25301568.8741,-33538966.911188,9559493.118139,15742075.755961,0.12126435277337097,0.37782214872551223
2022-05-06 04:00:00+00:00,10106279.392554,12593159.257782,2486879.865227999,680882.0256759999,11912277.232106,0.18744170461865906,0.05406761017933175
2022-05-06 05:00:00+00:00,12386183.996447,4729034.151082,-7657149.845365001,2422388.5740750004,2306645.577007,0.14157879619663777,0.5122374879700878
2022-05-06 06:00:00+00:00,21275149.649166,18777949.381812,-2497200.2673540004,2035577.412733,16742371.969079,0.09152664425869952,0.10840254019987004
2022-05-06 07:00:00+00:00,8954445.137122,11796793.456277,2842348.319155,82138.829013,11714654.627264,0.07527469765290172,0.006962809793816848
2022-05-06 08:00:00+00:00,10402721.278818,12881825.58312,2479104.3043019995,2652245.77836,10229579.80476,0.07755186795273834,0.20589052081526643
2022-05-06 09:00:00+00:00,10123577.491258,5998073.372154,-4125504.119103999,163301.323751,5834772.0484029995,0.08629996260377469,0.027225629567841712
2022-05-06 10:00:00+00:00,15493626.520731999,28872670.194529,13379043.673797002,1599238.2116440001,27273431.982885,0.176336294182492,0.055389342269667706
2022-05-06 11:00:00+00:00,13814520.90013,20343448.848384,6528927.948254,924032.331238,19419416.517146,0.09923309386461751,0.045421616468507564
2022-05-06 12:00:00+00:00,11158006.370526,8644711.254717,-2513295.115809001,72963.580389,8571747.674328,0.07916078177113149,0.008440256503557283
2022-05-06 13:00:00+00:00,33728383.72036,89085331.152772,55356947.43241199,4972090.413096,84113240.739676,0.17025130599186875,0.05581267251024063
2022-05-06 14:00:00+00:00,66215059.461329006,21651825.206484,-44563234.25484501,2615034.801293,19036790.405191,0.03275319748186106,0.12077664475648382
2022-05-06 15:00:00+00:00,27987686.09911,17643946.262378,-10343739.836732,256594.924029,17387351.338349,0.09856227793952405,0.014542944090468845
2022-05-06 16:00:00+00:00,24057088.69131,19009584.264588,-5047504.426722001,110382.290613,18899201.973975,0.15558059456456144,0.005806665157776524
2022-05-06 17:00:00+00:00,14503249.632648,40417070.556089,25913820.923441,283350.727604,40133719.828485,0.591738678450634,0.007010669593452563
2022-05-06 18:00:00+00:00,8790250.25364,6948448.987217,-1841801.266423,542376.671824,6406072.315393,0.0780790771635293,0.07805722871705693
2022-05-06 19:00:00+00:00,22271275.808049,13067684.669744,-9203591.138305001,153362.60304800002,12914322.066696,0.09480605373432748,0.011736019572241824
2022-05-06 20:00:00+00:00,4575727.646362999,10484668.036016,5908940.389653001,5725155.656021,4759512.379995,0.231295573412448,0.5460502551301055
2022-05-06 21:00:00+00:00,5038831.899181,3731357.9422819996,-1307473.9568990003,3068.303321,3728289.638961,0.08429269228919742,0.0008223020595883939
2022-05-06 22:00:00+00:00,28638123.450052,44225188.181412004,15587064.731360003,2194804.686642,42030383.49477,0.5045251963006532,0.04962793324109548
2022-05-06 23:00:00+00:00,34606803.256514,47272831.927331,12666028.670817003,34144.086781,47238687.84055,0.5521273743556332,0.0007222771598174435
2022-05-07 00:00:00+00:00,27034458.195522,39282521.938726,12248063.743204001,1001696.342093,38280825.596633,0.6468106111473729,0.02549979717838571
2022-05-07 01:00:00+00:00,42501423.787756994,62784648.334922,20283224.547165006,17698417.797351997,45086230.53757,0.30482285273108783,0.28189084858675245
2022-05-07 02:00:00+00:00,66756004.856761,60353149.918951,-6402854.937810004,13406068.595227,46947081.323724,0.3311863072732908,0.2221270739510726
2022-05-07 03:00:00+00:00,29107479.852985002,29785810.6274,678330.7744149975,8749417.672056,21036392.955344,0.28344477321352296,0.2937444873166353
2022-05-07 04:00:00+00:00,23053058.4554,33491316.359258,10438257.903857999,4522120.1071150005,28969196.252143,0.05153929365106326,0.13502365982294248
2022-05-07 05:00:00+00:00,24368049.320352,86676061.21230899,62308011.891956985,3548928.263943,83127132.948366,0.28300752005792645,0.040944733924284646
2022-05-07 06:00:00+00:00,4613055.395245,15544138.674441,10931083.279196002,1846044.246541,13698094.4279,0.023627473500868856,0.11876143704098725
2022-05-07 07:00:00+00:00,5526355.924851,27642935.314021,22116579.38917,8029089.132405,19613846.181616,0.10892267283224075,0.29045718340673105
2022-05-07 08:00:00+00:00,63385898.371381,47323813.099166,-16062085.272215001,797172.2439570001,46526640.855209,0.272510280228322,0.016845055200571928
2022-05-07 09:00:00+00:00,6013279.889655,6398453.106293,385173.2166380007,1009896.650023,5388556.45627,0.045374213425577424,0.1578345005029024
2022-05-07 10:00:00+00:00,19634058.577538,11055751.952288,-8578306.625249999,903263.537928,10152488.41436,0.026718089687794808,0.08170077818551895
2022-05-07 11:00:00+00:00,10641584.525648,93143670.060607,82502085.534959,82716154.915526,10427515.145081,0.6531388587934249,0.8880491273502967
2022-05-07 12:00:00+00:00,4353040.226817,113064602.840605,108711562.61378801,103014708.04359,10049894.797015,0.7831890363361398,0.9111136947857762
2022-05-07 13:00:00+00:00,25099790.112216998,35160063.996588,10060273.884371001,13506735.245912,21653328.750676,0.1829941035145325,0.3841499050520136
2022-05-07 14:00:00+00:00,17667757.899328,36045139.788933,18377381.889605,10259137.230402,25786002.558531,0.15559016432313758,0.2846191550504648
2022-05-07 15:00:00+00:00,6323552.539523,52843660.904274,46520108.364751,2085643.83753,50758017.066744,0.23447498613257592,0.039468193570239805
2022-05-07 16:00:00+00:00,11919495.325642,52333907.157922,40414411.832279995,13802878.601068001,38531028.556854,0.21444224478186674,0.2637463807052786
2022-05-07 17:00:00+00:00,5267286.561825,40289642.920172,35022356.358347,3213803.027966,37075839.892206,0.1428108431189903,0.07976747359944783
2022-05-07 18:00:00+00:00,134283149.134685,197492062.55912,63208913.42443499,4239767.577079,193252294.982041,0.3823591919721998,0.021468040396863085
2022-05-07 19:00:00+00:00,9202953.495181,60684066.55195,51481113.056769,31839919.348081,28844147.203869,0.08342856647474532,0.5246833502963039
2022-05-07 20:00:00+00:00,11292150.087555,94253824.24879,82961674.16123499,11733530.323979,82520293.924811,0.07994878759289442,0.12448863924085957
2022-05-07 21:00:00+00:00,45284054.11724,259352694.13405702,214068640.01681703,28590281.713086,230762412.420971,0.1553507982152822,0.11023707237183335
2022-05-07 22:00:00+00:00,90404027.47491,480515688.480284,390111661.00537395,126090489.89642799,354425198.583856,0.02893708331954167,0.26240660382018227
2022-05-07 23:00:00+00:00,83186628.20969,157455886.338657,74269258.12896699,38003851.569792,119452034.768865,0.03039608709265063,0.24136189794805835
2022-05-08 00:00:00+00:00,33446131.428667,160839397.102402,127393265.673735,66637083.96721601,94202313.135186,0.16311914984563813,0.4143082178105282
2022-05-08 01:00:00+00:00,25941122.356166,723742738.9715819,697801616.6154159,455135462.983682,268607275.98789996,0.27762826489814935,0.6288635981763584
2022-05-08 02:00:00+00:00,32473740.633952998,128617815.24832,96144074.61436701,35894522.137455,92723293.110865,0.030231321274319864,0.27907892905935405
2022-05-08 03:00:00+00:00,62973633.850039,89241428.882043,26267795.032004006,5872402.988298,83369025.893745,0.13795617353622996,0.06580355180170848
2022-05-08 04:00:00+00:00,30837523.017,64459621.845717,33622098.82871699,9166258.814522,55293363.031195,0.06828750955866181,0.14220156048171184
2022-05-08 05:00:00+00:00,43188490.701883,46547672.225107,3359181.523223996,14611884.363563,31935787.861544,0.05308916185272915,0.3139122466296307
2022-05-08 06:00:00+00:00,159727932.384459,43366120.070497,-116361812.31396198,14608167.406422,28757952.664075,0.11147913141837054,0.3368566840352472
2022-05-08 07:00:00+00:00,21571503.651339,55749133.943943,34177630.292604,11057655.313166,44691478.630777,0.05443596541725725,0.19834667430501646
2022-05-08 08:00:00+00:00,14770392.453597,57925600.945871994,43155208.49227499,32417129.542441998,25508471.40343,0.06899198055287253,0.5596338926674902
2022-05-08 09:00:00+00:00,14660308.041532,62088779.71884,47428471.677308,18682861.235339,43405918.483501,0.11820555402522298,0.3009055955027884
2022-05-08 10:00:00+00:00,19747091.056357,44019778.174008004,24272687.117651004,2397670.893042,41622107.280966,0.0471415577265766,0.054468036698506875
2022-05-08 11:00:00+00:00,6953335.98693,26127779.84651,19174443.859580003,4495273.248036,21632506.598474,0.04175070245741511,0.17204956848396183
2022-05-08 12:00:00+00:00,7338398.585153,262704080.66641203,255365682.081259,65352560.110152,197351520.55626002,0.38140280598324616,0.2487687284657685
2022-05-08 13:00:00+00:00,31426032.741844002,74984808.540169,43558775.798325,7178998.821927,67805809.718242,0.017782630076202746,0.09573937657093896
2022-05-08 14:00:00+00:00,159221647.42971602,100935592.830833,-58286054.59888302,48896448.635553,52039144.19528,0.10409479524040857,0.4844321736684396
2022-05-08 15:00:00+00:00,31223988.483711,193528164.09041598,162304175.60670498,153770843.66170996,39757320.428706,0.23769996171333554,0.7945657128740627
2022-05-08 16:00:00+00:00,33774907.725933,53800257.828057006,20025350.102124006,25106053.918408003,28694203.909649,0.22803312706481857,0.46665304093236365
2022-05-08 17:00:00+00:00,11158249.999487,71814360.01211,60656110.012623,16862338.236228,54952021.775882,0.27973984275419644,0.23480454651944985
2022-05-08 18:00:00+00:00,15394422.729465,21736717.52301,6342294.793545,6016478.691164,15720238.831846,0.1198932297368088,0.2767887416669555
2022-05-08 19:00:00+00:00,13086929.690883,16812485.233777,3725555.542894002,47650.39456,16764834.839217,0.06011635803403849,0.002834226701015524
2022-05-08 20:00:00+00:00,26415726.166513998,32430967.355928,6015241.189414002,16804945.467937,15626021.887991,0.2425326577087225,0.5181758929206055
2022-05-08 21:00:00+00:00,7630296.917791,19854468.372555003,12224171.454764003,118355.27797,19736113.094585,0.21425376311017702,0.00596114062331699
2022-05-08 22:00:00+00:00,6864484.824789,9586394.253535,2721909.428746001,579179.20981,9007215.043725,0.04696621464106879,0.0604167943120456
2022-05-08 23:00:00+00:00,10210837.867053,21794566.788104,11583728.921051001,1068581.3905210001,20725985.397583,0.06322509215151374,0.049029714649077474
2022-05-09 00:00:00+00:00,4174117.973746,59410165.518572,55236047.544826,51517258.970763,7892906.547809,0.7095981990559767,0.8671455216642743
2022-05-09 01:00:00+00:00,10072965.288039,33527588.488991998,23454623.200953,16338381.194347,17189207.294645,0.18818943544443173,0.48731155238651674
2022-05-09 02:00:00+00:00,52172050.892497,188905451.11792302,136733400.22542602,4531289.658394,184374161.459529,0.6258502757574693,0.023987077300195912
2022-05-09 03:00:00+00:00,154734521.164505,67469602.80132,-87264918.363185,3214668.374258,64254934.427062,0.25246658528846166,0.04764617310293558
2022-05-09 04:00:00+00:00,165200631.814723,23926868.309802998,-141273763.50492,9713207.411736,14213660.898067,0.14432188265203852,0.4059539796838533
2022-05-09 05:00:00+00:00,13439854.128356999,70734922.15805,57295068.029693,1807802.0039030001,68927120.154147,0.5041286386981234,0.025557418439842914
2022-05-09 06:00:00+00:00,14200655.420019,183946983.41419598,169746327.99417698,7521744.733481,176425238.680715,0.6388542346146697,0.04089082948723428
2022-05-09 07:00:00+00:00,12096509.664207,44339099.961238,32242590.297030997,7440088.365286,36899011.595952,0.22267745072450765,0.16779971564127943
2022-05-09 08:00:00+00:00,25708117.826816,70936215.928205,45228098.101389,13205668.555700999,57730547.372504,0.05538449560624609,0.18616257412245588
2022-05-09 09:00:00+00:00,5637716.690534,28574962.196821,22937245.506287,8024001.790168,20550960.406653002,0.07515903915770436,0.2808053335258893
2022-05-09 10:00:00+00:00,34806494.763497,65255785.356312,30449290.592814997,31215023.861851,34040761.494461,0.09408973386348274,0.4783487577600913
2022-05-09 11:00:00+00:00,30133901.936284002,57569761.428701,27435859.492416997,11944301.8474,45625459.581300996,0.04390311337577768,0.20747527088839476
2022-05-09 12:00:00+00:00,26152804.917688,157050363.687549,130897558.769861,15422555.416869,141627808.27068,0.12373652301138013,0.09820133525798198
2022-05-09 13:00:00+00:00,32404153.470698,108144475.393819,75740321.923121,25135333.486116,83009141.907703,0.042626100217783174,0.23242364803734217
2022-05-09 14:00:00+00:00,42675135.071286,124515307.194523,81840172.12323701,41785046.369618,82730260.824905,0.03493719926432347,0.33558160286541844
2022-05-09 15:00:00+00:00,81145300.675345,358770768.876148,277625468.200803,121101053.311237,237669715.564911,0.05379134044435545,0.33754437043627306
2022-05-09 16:00:00+00:00,180303107.24153098,489830012.450343,309526905.208812,113565335.75976901,376264676.690574,0.025347483921845382,0.23184642196925775
2022-05-09 17:00:00+00:00,217814750.151817,505248828.579333,287434078.427516,116498078.311298,388750750.268035,0.023416898877718657,0.23057565247379042
2022-05-09 18:00:00+00:00,196364010.249381,865984974.066149,669620963.8167679,281617567.054684,584367407.011465,0.02835588638557357,0.3251991379623781
2022-05-09 19:00:00+00:00,364062208.552133,642390501.927435,278328293.375302,126256649.161596,516133852.765839,0.030933838770639807,0.19654189902057123
2022-05-09 20:00:00+00:00,149745005.179271,350681005.114843,200935999.935572,66012059.369849995,284668945.744993,0.05754070441873717,0.18823962064392963
2022-05-09 21:00:00+00:00,74946207.070171,372354866.397092,297408659.326921,52856113.26392,319498753.13317204,0.20822584092970992,0.14195091305065
2022-05-09 22:00:00+00:00,245906793.03977,453915858.928046,208009065.88827598,134107347.247697,319808511.680349,0.031924096992698894,0.2954453884127355
2022-05-09 23:00:00+00:00,169692617.149031,381762751.585316,212070134.436285,43244570.355707,338518181.229609,0.014911780692192258,0.11327603380929305
2022-05-10 00:00:00+00:00,226839393.466401,676042593.767849,449203200.301448,236152903.24739102,439889690.520458,0.04990772812964862,0.3493166043447334
2022-05-10 01:00:00+00:00,199688425.736756,309196415.33137,109507989.594614,36684010.492849,272512404.838521,0.02847155552330225,0.11864306529405992
2022-05-10 02:00:00+00:00,104249326.910564,208601013.68496698,104351686.77440298,36551164.815942995,172049848.869024,0.026613203748223804,0.17522045636433592
2022-05-10 03:00:00+00:00,159166681.70422,386565399.103039,227398717.39881903,75319006.947616,311246392.155423,0.02685206514880864,0.19484156399507374
2022-05-10 04:00:00+00:00,150598269.176639,251099111.872946,100500842.696307,40738222.073574,210360889.799372,0.02049714865425519,0.16223961036623336
2022-05-10 05:00:00+00:00,88921155.29330501,93224002.974731,4302847.681425989,10092515.246589,83131487.728142,0.01749698867836444,0.10826090839850167
2022-05-10 06:00:00+00:00,76346869.03345,161222183.118559,84875314.085109,51366220.957935,109855962.160624,0.03003979755473469,0.3186051693653192
2022-05-10 07:00:00+00:00,38927989.235171,182977634.332955,144049645.097784,91626728.368937,91350905.964018,0.08958421898663227,0.5007537052436067
2022-05-10 08:00:00+00:00,51946776.616756,151251508.430383,99304731.813627,81191566.06725,70059942.363133,0.11238773623309402,0.5367983890528952
2022-05-10 09:00:00+00:00,79458687.736535,87936151.902711,8477464.166176006,21416538.581246,66519613.321465,0.04912345981990353,0.2435464609020007
2022-05-10 10:00:00+00:00,28433917.078211,211688090.646643,183254173.568432,16450620.144793,195237470.50185,0.48090044096155804,0.07771159962065574
2022-05-10 11:00:00+00:00,36215573.338287,50397025.349133,14181452.010845996,14824212.594352001,35572812.754781,0.07643642492099634,0.2941485631672709
2022-05-10 12:00:00+00:00,53459202.428481,64008639.466696,10549437.038215004,5526671.778209,58481967.688487,0.042882704771639524,0.08634259100421207
2022-05-10 13:00:00+00:00,28706209.91472,99250035.30903001,70543825.39431001,8308437.074445,90941598.234585,0.27515642069128493,0.08371218255565777
2022-05-10 14:00:00+00:00,64340438.057557,82155273.838631,17814835.781074002,15479064.173489999,66676209.665141,0.04981119582445995,0.18841230088154662
2022-05-10 15:00:00+00:00,47239710.420555,121586665.04025799,74346954.619703,42001008.376613,79585656.663645,0.05133791808925009,0.34544091132614124
2022-05-10 16:00:00+00:00,50644507.585337,73358261.83480701,22713754.24947001,27697179.317649003,45661082.517158,0.09431474374544405,0.3775604631966246
2022-05-10 17:00:00+00:00,61738013.92975,30434200.652581,-31303813.277169004,6719276.873166,23714923.779415,0.04099220418668495,0.22078046175318772
2022-05-10 18:00:00+00:00,35007297.93103,68553219.575333,33545921.644303,13248125.734679,55305093.840654,0.19917206586318795,0.19325315159152606
2022-05-10 19:00:00+00:00,49851098.433593,85200392.876937,35349294.443344004,9334677.852187,75865715.02475,0.02980875778523836,0.10956144140872637
2022-05-10 20:00:00+00:00,31801044.95568,52865600.534916,21064555.579235997,2792004.896237,50073595.638679,0.030383061040518015,0.052813263596485055
2022-05-10 21:00:00+00:00,140518668.42726,245113393.317989,104594724.89072898,31220233.978248,213893159.339741,0.02148325395395025,0.1273705755349956
2022-05-10 22:00:00+00:00,168549143.929583,296793307.357646,128244163.42806298,47621111.233949,249172196.123697,0.018766078895032942,0.16045210607314656
2022-05-10 23:00:00+00:00,88256285.190311,162319973.208541,74063688.01823,20787839.854105998,141532133.354435,0.022651335560868006,0.12806704833174637
2022-05-11 00:00:00+00:00,58780556.097245,106843286.561142,48062730.463897,22040713.976878,84802572.584264,0.05281987380702276,0.20629011598463895
2022-05-11 01:00:00+00:00,47937372.567822,91384910.093285,43447537.52546299,24519736.478275,66865173.61501,0.037867076118867055,0.2683127493723575
2022-05-11 02:00:00+00:00,42406268.627055004,106255472.661367,63849204.034311995,23540226.689544,82715245.97182299,0.03017469371126944,0.2215436635867782
2022-05-11 03:00:00+00:00,40384289.087619,83999463.646068,43615174.55844901,23342292.541621,60657171.104447,0.02466881238452604,0.27788620936883385
2022-05-11 04:00:00+00:00,60336786.907657,126790755.271819,66453968.364162,38378922.238928,88411833.032891,0.03757274430408421,0.30269495718871425
2022-05-11 05:00:00+00:00,95508796.441123,247587352.435181,152078555.994058,21305324.004947998,226282028.430233,0.07921235809035236,0.08605174616310737
2022-05-11 06:00:00+00:00,153101452.53214,454763867.519901,301662414.987761,33288471.80197,421475395.717931,0.10175564173601225,0.07319946499600315
2022-05-11 07:00:00+00:00,273379770.604199,740973777.355059,467594006.75086004,312105785.789162,428867991.565897,0.08428306117933683,0.421210298295897
2022-05-11 08:00:00+00:00,120701956.3914,235630375.705969,114928419.31456901,45559586.540962,190070789.165007,0.022727951463494926,0.1933519241925475
2022-05-11 09:00:00+00:00,84407627.78356801,188081279.509018,103673651.72545,50235445.836105,137845833.67291299,0.0372841570313516,0.2670943432926632
2022-05-11 10:00:00+00:00,65044648.590807,193711037.333544,128666388.742737,70223900.936223,123487136.397321,0.08322490189808547,0.36251884199714973
2022-05-11 11:00:00+00:00,77377688.23892899,180620055.047958,103242366.809029,11242276.586678,169377778.46128,0.02740019296276713,0.06224268165399997
2022-05-11 12:00:00+00:00,132675334.551074,330441670.022806,197766335.471732,58252534.236156,272189135.78665,0.06092093327958861,0.17628688970170017
2022-05-11 13:00:00+00:00,127597647.585537,382548887.341394,254951239.755857,77578838.994442,304970048.346952,0.054721768485974466,0.20279457491980404
2022-05-11 14:00:00+00:00,107484054.118759,160174855.298818,52690801.180058986,21890068.275678,138284787.02314,0.04457967029998701,0.13666357453447026
2022-05-11 15:00:00+00:00,51011284.748445,89446419.214321,38435134.465876006,6179118.43221,83267300.782111,0.03661926517335044,0.06908178646485917
2022-05-11 16:00:00+00:00,50748228.95432901,70123502.156868,19375273.20253899,5534270.4535219995,64589231.703346,0.017215521113896015,0.07892176350721475
2022-05-11 17:00:00+00:00,37683335.928439,83918990.792216,46235654.863777004,6334504.649206,77584486.14301,0.01612787792769495,0.07548356563164918
2022-05-11 18:00:00+00:00,28231523.927209,88916747.995969,60685224.06875999,27623257.477987,61293490.517982,0.033444178194611485,0.31066427979618966
2022-05-11 19:00:00+00:00,34646219.683063,81921812.499663,47275592.816599995,9649955.856145,72271856.643518,0.02642200706186701,0.11779470646092818
2022-05-11 20:00:00+00:00,15215562.864568999,146072323.90414602,130856761.03957702,94164977.298517,51907346.605629,0.15839963774456725,0.6446462600287575
2022-05-11 21:00:00+00:00,13954924.064219,68231375.192862,54276451.128643006,23169439.630438,45061935.562424004,0.05076139979545296,0.3395716349692137
2022-05-11 22:00:00+00:00,29105887.244289,64198625.862874,35092738.618585005,4434152.692674,59764473.1702,0.023305454212185592,0.06906927731047069
2022-05-11 23:00:00+00:00,15299402.653786,86410122.470052,71110719.816266,31855361.430263,54554761.039789,0.17125346005110575,0.3686531221073483
2022-05-12 00:00:00+00:00,16263914.631377,37030841.40843,20766926.777053002,1975913.751804,35054927.656626,0.025058642739411455,0.05335859723009661
2022-05-12 01:00:00+00:00,12001590.250017,51423149.494868,39421559.244851,9369434.584567,42053714.910301,0.030427858842065697,0.18220265924206105
2022-05-12 02:00:00+00:00,11010935.73713,66407413.569945,55396477.832815,17732662.067108,48674751.502837,0.04770709859866297,0.26702834990600416
2022-05-12 03:00:00+00:00,13044886.489408,73123848.061431,60078961.572023004,26951182.05813,46172666.003301,0.04650661652225663,0.36856897951388495
2022-05-12 04:00:00+00:00,13085804.025013,71075229.77639,57989425.751377,11038821.257298,60036408.519092,0.030279662061067244,0.15531179135160406
2022-05-12 05:00:00+00:00,26987637.452788,87993504.107941,61005866.65515301,3832972.9124789997,84160531.195462,0.01955377095683631,0.043559725815409275
2022-05-12 06:00:00+00:00,12457547.401712,69122757.151111,56665209.74939901,2847593.9951879997,66275163.155923,0.03597580253750863,0.04119618650284453
2022-05-12 07:00:00+00:00,11751933.031278,51236484.50023,39484551.468952,6565648.891075,44670835.609155,0.03754032762457082,0.1281440160291545
2022-05-12 08:00:00+00:00,11282569.703344,80843988.092792,69561418.389448,39313055.846416004,41530932.246376,0.20431108559020733,0.4862829849672041
2022-05-12 09:00:00+00:00,18008379.843114,98966320.114807,80957940.27169299,13087324.248835,85878995.865972,0.08408932635897569,0.13224018265661389
2022-05-12 10:00:00+00:00,10813141.125785,48856656.30028,38043515.174495,2872008.4441939997,45984647.856086,0.01374009878524876,0.058784383985310516
2022-05-12 11:00:00+00:00,5867216.862322,32310093.413755,26442876.551433,855672.679797,31454420.733958,0.020009909827345265,0.026483138530101695
2022-05-12 12:00:00+00:00,6880265.795673,45003229.084366,38122963.288693,3086137.327583,41917091.756783,0.04860309613076352,0.06857590867085393
2022-05-12 13:00:00+00:00,13983781.527356999,70809298.235014,56825516.70765701,2120614.798208,68688683.43680601,0.03384114282347164,0.029948253281225034
2022-05-12 14:00:00+00:00,11629383.978864001,105398515.643907,93769131.665043,11217016.870855,94181498.77305199,0.05224359223184324,0.10642480875871278
2022-05-12 15:00:00+00:00,5978840.77676,90902013.911975,84923173.135215,6999729.683651,83902284.228324,0.015070675418630407,0.07700302097189168
2022-05-12 16:00:00+00:00,144096.521373,992314.6199480001,848218.0985750001,0.0,992314.6199480001,0.12208358803393343,0.0
2022-05-12 17:00:00+00:00,276018.951917,6792668.91287,6516649.960953,616.839265,6792052.073605,0.07070243935950782,9.080955849788011e-05
2022-05-12 18:00:00+00:00,3949623.967792,122445254.011791,118495630.043999,3825026.9623080003,118620227.049483,0.18677201550453534,0.031238670646554133
2022-05-12 19:00:00+00:00,3868437.386115,48960519.883207,45092082.497092,2461160.658275,46499359.224932,0.02395651815482404,0.05026827051971633
2022-05-12 20:00:00+00:00,8338897.0307060005,36226547.457577,27887650.426870998,1567773.622889,34658773.834688,0.024507788836289346,0.043276926257599824
2022-05-12 21:00:00+00:00,3522161.847151,34333383.986025,30811222.138873998,2974059.8393030004,31359324.146722,0.014395545158081068,0.08662297431891819
2022-05-12 22:00:00+00:00,5585533.72262,30711317.464339,25125783.741719,4014192.3518729997,26697125.112466,0.02516746842824757,0.1307072663533289
2022-05-12 23:00:00+00:00,3810005.183346,43325097.236996,39515092.05365,8085939.390408,35239157.846588,0.0354055697206156,0.1866340736912019
